{
   "status":"ok",
   "analysis":{
      "rmssd_ms":87.31021,
      "artefact_level":"GOOD",
      "pns_index":0.8642313,
      "sd2_ms":60.80563,
      "artefact":0.0,
      "mean_rr_ms":794.5881,
      "mean_hr_bpm":75.51081,
      "freq_domain":{
         "LF_power_prc":18.49548,
         "tot_power":2141.866,
         "HF_peak":0.1866666,
         "LF_power_nu":18.53871,
         "VLF_power":4.994844,
         "LF_peak":0.15,
         "LF_power":396.1485,
         "HF_power_nu":81.301,
         "VLF_power_prc":0.2332005,
         "HF_power":1737.298,
         "HF_power_prc":81.11141,
         "VLF_peak":0.003333333,
         "LF_HF_power":0.2280256
      },
      "create_timestamp":"2024-04-29T12:38:38.662457+00:00",
      "sd1_ms":64.19018,
      "respiratory_rate":"None",
      "readiness":62.5,
      "sns_index":0.3185438,
      "sdnn_ms":64.06655,
      "stress_index":8.868561
   }
}